CUSCOD,CUSTYP,CUSNMF,CUSNML,CUSDOB,ADDRS1,ADDRS2,ADDRS3,ADDRS4,CITYNM,TELENO,MOBLNO,TELXNO,FAXNO,MAILID,SPONAM,GENDER,CUSSTS,NATLID,TIMSTAMP,OPRBRA
00050000,STF,MD MOHI UDDIN,,1971-12-30,489 Eric Track,Apt. 880,Lake Crystalbury,Alaska,Lake Crystalbury,430-639-1171,001-543-532-1819x6001,430-639-1171,,mohi.uddin@example.com,,C,SUSP,9065939,2018-11-10 14:56:36.405213,045
00050001,REG,MOHAMMAD MOHI UDDIN,,1971-12-30,489 Eric Track,Apt. 880,Lake Crystalbury,Georgia,Lake Crystalbury,001-430-639-1171x186,651.216.1559,001-430-639-1171x186,+1-763-679-4026,mohi.uddin@example.com,Alyssa Gonzalez,M,INACT,1738063,2019-01-26 00:19:35.670337,039
00050002,STF,MOHAMMAD MOHI UDDIN,,1971-12-30,489 Eric Track,Apt. 880,Lake Crystalbury,Iowa,Lake Crystalbury,+1-430-639-1171x3463,664-375-2553,+1-430-639-1171x3463,+1-649-359-3103,mohi.uddin@example.com,Kimberly Dudley,C,ACT,3921744,2013-08-22 20:32:11.169769,015
00050003,REG,MD MOHI UDDIN,,,489 Eric Track,Apt. 880,Lake Crystalbury,Iowa,Lake Crystalbury,430-639-1171,9568413953,430-639-1171,(783)227-6483,mohi.uddin@example.com,,C,INACT,8775153,2018-04-03 07:37:49.704953,027
00050004,STF,MOHAMMAD MOHI UDDIN,,1971-12-30,489 Eric Track,Apt. 880,Lake Crystalbury,West Virginia,Lake Crystalbury,430-639-1171,+1-484-996-9653,430-639-1171,,,Maria Thomas,M,SUSP,2472278,2008-11-11 17:01:25.617241,019
00050005,REG,KAZI MASIHUR,RAHMAN,1956-06-11,901 Taylor Mountain,Apt. 046,Garciastad,Utah,Garciastad,564-217-0805,(791)366-9784x80184,564-217-0805,,kazi.masihur@example.com,Anthony Rodriguez,M,SUSP,2442545,2018-08-15 02:32:04.845388,009
00050006,STF,KAZI MASIHUR,RAHMAN,1956-06-11,901 Taylor Mountain,Apt. 046,Garciastad,New York,Garciastad,+1-564-217-0805x7335,3159430391,+1-564-217-0805x7335,001-248-728-1489x3252,kazi.masihur@example.com,Christopher Smith,C,SUSP,2107681,2020-07-06 11:25:13.929053,035
00050007,COR,KAZI MASIHUR,RAHMAN,1956-06-11,901 Taylor Mountain,Apt. 046,Garciastad,Texas,Garciastad,564-217-0805,+1-557-587-1331x5098,564-217-0805,001-682-827-8248x96383,kazi.masihur@example.com,,F,SUSP,7046413,2022-05-23 14:59:10.560777,036
00050008,COR,KAZI MASIHUR,RAHMAN,,901 Taylor Mountain,Apt. 865,Garciastad,Virginia,Garciastad,+1-564-217-0805x2958,+1-403-910-5183x4738,+1-564-217-0805x2958,,kazi.masihur@gmail.com,,F,INACT,4063950,2006-03-20 06:22:11.149422,046
00050009,REG,KAZI MASIHUR,RAHMAN,1956-06-11,901 Taylor Mountain,Apt. 283,Garciastad,New Mexico,Garciastad,+1-564-217-0805x4607,(331)516-5667x01065,+1-564-217-0805x4607,,kazi.masihur@gmail.com,,F,SUSP,2362346,2010-12-06 18:48:59.540198,025
00050010,REG,SK MAHBUBLLAH,KAISA,1965-10-02,192 Frank Light,Suite 835,Teresaburgh,New Mexico,Teresaburgh,653-876-7242,660.826.0647,653-876-7242,831.978.1080x132,sk.mahbub@example.com,Joshua Taylor,F,ACT,6664300,2009-09-28 01:56:53.089926,039
00050011,STF,SK MAHBUBLLAH,KAISA,1965-10-02,192 Frank Light,Suite 835,Teresaburgh,North Carolina,Teresaburgh,653-876-7242,220.381.2191x36193,653-876-7242,001-287-923-4309x8050,sk.mahbub@example.com,,F,SUSP,9057636,2020-01-02 04:47:06.579068,013
00050012,STF,SK MAHBUBLLAH,KAISA,1965-10-02,192 Frank Light,Suite 835,Teresaburgh,Texas,Teresaburgh,+1-653-876-7242x4843,+1-647-451-0799x1183,+1-653-876-7242x4843,001-898-454-3534,,,F,INACT,5996375,2014-06-16 02:12:22.557529,031
00050013,COR,SK MAHBUBLLAH,KAISA,1965-10-02,192 Frank Light,Suite 861,Teresaburgh,California,Teresaburgh,001-653-876-7242x969,254.627.8498,001-653-876-7242x969,,sk.mahbub@gmail.com,,F,INACT,3033805,2024-09-26 00:15:39.217434,045
00050014,COR,SK MAHBUBLLAH,KAISA,1965-10-02,192 Frank Light,Suite 835,Teresaburgh,Connecticut,Teresaburgh,653-876-7242,(541)718-2449,653-876-7242,,,,M,ACT,9254768,2024-09-15 00:42:10.057798,011
00050015,COR,GOLAM MOHD ZUBAYED A,SHRAF,1987-09-06,433 Jill Springs,Apt. 960,Franciscostad,South Dakota,Franciscostad,283-486-3794,687-440-1640x052,283-486-3794,,golam.zubayed@example.com,,M,SUSP,3549484,2010-02-21 23:24:35.708539,003
00050016,COR,GOLAM MOHD ZUBAYED A,SHRAF,1987-09-06,433 Jill Springs,Apt. 960,Franciscostad,Nevada,Franciscostad,+1-283-486-3794x9936,(704)850-5331,+1-283-486-3794x9936,+1-768-401-1280,golam.zubayed@example.com,,M,ACT,7761382,2020-11-23 06:45:04.795517,015
00050017,REG,GOLAM MOHD ZUBAYED A,SHRAF,1987-09-06,433 Jill Springs,Apt. 960,Franciscostad,Arizona,Franciscostad,+1-283-486-3794x1455,333.675.4330x3654,+1-283-486-3794x1455,001-323-822-6025x6342,golam.zubayed@gmail.com,,M,ACT,5414262,2025-07-19 10:08:19.607819,045
00050018,REG,GOLAM MOHAMMED ZUBAYED A,SHRAF,1987-09-06,433 Jill Springs,Apt. 727,Franciscostad,Nevada,Franciscostad,+1-283-486-3794x2514,+1-581-769-3406x088,+1-283-486-3794x2514,768.750.1429x40196,golam.zubayed@gmail.com,,C,SUSP,2859842,2013-02-03 18:57:36.857727,002
00050019,REG,GOLAM MOHAMMED ZUBAYED A,SHRAF,1987-09-06,433 Jill Springs,Apt. 960,Franciscostad,Texas,Franciscostad,283-486-3794,895-814-8465x64823,283-486-3794,,golam.zubayed@example.com,,F,ACT,7715916,2014-09-12 06:41:46.549044,008
00050020,COR,MD MOHI UDDIN,,1971-12-30,489 Eric Track,Apt. 880,Lake Crystalbury,Idaho,Lake Crystalbury,430-639-1171,+1-794-968-0443x699,430-639-1171,,mohi.uddin@example.com,,M,INACT,3961106,2019-08-14 09:50:14.740682,033
00050021,STF,MD MOHI UDDIN,,1971-12-30,489 Eric Track,Apt. 880,Lake Crystalbury,Utah,Lake Crystalbury,430-639-1171,387.521.4895,430-639-1171,,mohi.uddin@example.com,,M,SUSP,4890705,2014-11-27 21:30:37.036937,001
00050022,REG,MD MOHI UDDIN,,1971-12-30,489 Eric Track,Apt. 880,Lake Crystalbury,Iowa,Lake Crystalbury,001-430-639-1171x979,820.503.7917,001-430-639-1171x979,,mohi.uddin@example.com,,C,ACT,7953477,2019-07-12 09:00:50.154310,036
00050023,REG,MD MOHI UDDIN,,1971-12-30,489 Eric Track,Apt. 952,Lake Crystalbury,Missouri,Lake Crystalbury,430-639-1171,563.320.1632x8708,430-639-1171,,,,F,ACT,9328825,2020-06-09 02:39:51.241598,003
00050024,COR,MOHAMMAD MOHI UDDIN,,1971-12-30,489 Eric Track,Apt. 880,Lake Crystalbury,New Jersey,Lake Crystalbury,001-430-639-1171x872,+1-688-595-7986x87277,001-430-639-1171x872,,mohi.uddin@gmail.com,,M,INACT,8355372,2015-03-15 02:24:09.408806,032
00050025,REG,KAZI MASIHUR,RAHMAN,1956-06-11,901 Taylor Mountain,Apt. 046,Garciastad,Louisiana,Garciastad,564-217-0805,001-487-434-7143x45581,564-217-0805,,kazi.masihur@example.com,,F,SUSP,8920687,2022-11-13 18:26:11.556502,034
00050026,REG,KAZI MASIHUR,RAHMAN,1956-06-11,901 Taylor Mountain,Apt. 046,Garciastad,Vermont,Garciastad,564-217-0805,(231)566-5876,564-217-0805,,kazi.masihur@example.com,,F,SUSP,2442357,2010-09-12 01:21:32.255035,007
00050027,STF,KAZI MASIHUR,RAHMAN,1956-06-11,901 Taylor Mountain,Apt. 128,Garciastad,Iowa,Garciastad,+1-564-217-0805x7374,267-806-5627x298,+1-564-217-0805x7374,5969705466,kazi.masihur@example.com,Jean Carrillo,C,SUSP,9446623,2024-12-28 12:45:39.672519,002
00050028,STF,KAZI MASIHUR,RAHMAN,1956-06-11,901 Taylor Mountain,Apt. 046,Garciastad,Louisiana,Garciastad,001-564-217-0805x386,001-564-217-0805x31003,001-564-217-0805x386,+1-701-862-7204x65375,kazi.masihur@example.com,,M,SUSP,5611263,2017-11-28 09:30:24.215944,005
00050029,REG,KAZI MASIHUR,RAHMAN,1956-06-11,901 Taylor Mountain,Apt. 046,Garciastad,Pennsylvania,Garciastad,+1-564-217-0805x7286,3496663193,+1-564-217-0805x7286,674.352.9912,kazi.masihur@example.com,Cynthia Wells,C,INACT,8897513,2008-05-11 07:54:54.041152,020
00050030,STF,SK MAHBUBLLAH,KAISA,1965-10-02,192 Frank Light,Suite 835,Teresaburgh,Rhode Island,Teresaburgh,653-876-7242,790-258-6518,653-876-7242,,sk.mahbub@example.com,,F,ACT,8432051,2023-01-28 23:02:08.370201,026
00050031,REG,SK MAHBUBLLAH,KAISA,1965-10-02,192 Frank Light,Suite 835,Teresaburgh,New York,Teresaburgh,001-653-876-7242x397,965-972-6284,001-653-876-7242x397,,sk.mahbub@example.com,,M,ACT,8806099,2023-01-23 17:13:38.465203,008
00050032,STF,SK MAHBUBLLAH,KAISA,1965-10-02,192 Frank Light,Suite 835,Teresaburgh,Washington,Teresaburgh,001-653-876-7242x543,001-845-731-4737,001-653-876-7242x543,,sk.mahbub@example.com,,M,ACT,4561589,2014-10-13 12:32:08.681155,032
00050033,COR,SK MAHBUBLLAH,KAISA,,192 Frank Light,Suite 835,Teresaburgh,Washington,Teresaburgh,001-653-876-7242x657,(778)937-7701x43634,001-653-876-7242x657,327-535-4549x48083,,,F,SUSP,4086239,2006-08-24 09:15:08.056626,001
00050034,REG,SK MAHBUBLLAH,KAISA,1965-10-02,192 Frank Light,Suite 835,Teresaburgh,West Virginia,Teresaburgh,653-876-7242,249.489.4134x3524,653-876-7242,(574)544-3135x182,sk.mahbub@gmail.com,Hailey Barajas,C,INACT,9527701,2017-01-29 05:10:17.644514,009
00050035,COR,GOLAM MOHD ZUBAYED A,SHRAF,1987-09-06,433 Jill Springs,Apt. 960,Franciscostad,Arkansas,Franciscostad,283-486-3794,+1-942-971-0947,283-486-3794,,golam.zubayed@example.com,,F,ACT,6617787,2011-07-23 12:39:05.422186,018
00050036,COR,GOLAM MOHD ZUBAYED A,SHRAF,1987-09-06,433 Jill Springs,Apt. 960,Franciscostad,Delaware,Franciscostad,+1-283-486-3794x8029,667-319-0229,+1-283-486-3794x8029,,golam.zubayed@example.com,Vincent King,M,INACT,6885918,2023-04-22 10:50:24.997756,019
00050037,REG,GOLAM MOHD ZUBAYED A,SHRAF,1987-09-06,433 Jill Springs,Apt. 960,Franciscostad,Maryland,Franciscostad,283-486-3794,001-564-699-0913,283-486-3794,986-999-9386,golam.zubayed@gmail.com,,F,ACT,3372912,2025-12-13 02:39:39.079640,017
00050038,COR,GOLAM MOHD ZUBAYED A,SHRAF,1987-09-06,433 Jill Springs,Apt. 960,Franciscostad,Arizona,Franciscostad,+1-283-486-3794x8005,844.371.3493,+1-283-486-3794x8005,(932)681-2067,golam.zubayed@example.com,,C,INACT,1508921,2019-04-13 00:47:50.446818,013
00050039,STF,GOLAM MOHD ZUBAYED A,SHRAF,1987-09-06,433 Jill Springs,Apt. 960,Franciscostad,California,Franciscostad,283-486-3794,6248994717,283-486-3794,,golam.zubayed@example.com,Maria Kerr,M,SUSP,7161489,2022-08-09 02:42:48.489016,034
00050040,COR,MD MOHI UDDIN,,1971-12-30,489 Eric Track,Apt. 880,Lake Crystalbury,Arizona,Lake Crystalbury,430-639-1171,(959)940-1399x04902,430-639-1171,,mohi.uddin@example.com,Kathryn Snyder,F,SUSP,8396381,2007-09-06 08:23:08.674747,019
00050041,COR,MD MOHI UDDIN,,1971-12-30,489 Eric Track,Apt. 880,Lake Crystalbury,New Jersey,Lake Crystalbury,001-430-639-1171x622,954-851-6808,001-430-639-1171x622,817.256.5512x5674,mohi.uddin@example.com,Catherine Richards,M,SUSP,6657028,2018-10-07 17:06:59.172934,023
00050042,COR,MOHAMMAD MOHI UDDIN,,1971-12-30,489 Eric Track,Apt. 880,Lake Crystalbury,North Dakota,Lake Crystalbury,+1-430-639-1171x7005,(397)270-3482x477,+1-430-639-1171x7005,,,,C,ACT,1645394,2007-02-26 16:30:23.247098,024
00050043,STF,MOHAMMAD MOHI UDDIN,,1971-12-30,489 Eric Track,Apt. 880,Lake Crystalbury,New York,Lake Crystalbury,430-639-1171,001-548-446-7737x826,430-639-1171,+1-332-448-0861x317,mohi.uddin@example.com,,F,INACT,3865595,2025-07-14 09:08:06.122517,022
00050044,COR,MD MOHI UDDIN,,1971-12-30,489 Eric Track,Apt. 470,Lake Crystalbury,Louisiana,Lake Crystalbury,+1-430-639-1171x7314,001-965-784-0449x97278,+1-430-639-1171x7314,,mohi.uddin@gmail.com,,F,INACT,8506441,2023-05-09 06:45:40.333045,029
00050045,COR,KAZI MASIHUR,RAHMAN,1956-06-11,901 Taylor Mountain,Apt. 046,Garciastad,Wisconsin,Garciastad,564-217-0805,+1-867-253-3963,564-217-0805,,kazi.masihur@example.com,,F,INACT,9445337,2012-09-20 03:29:01.364316,040
00050046,STF,KAZI MASIHUR,RAHMAN,1956-06-11,901 Taylor Mountain,Apt. 046,Garciastad,Washington,Garciastad,001-564-217-0805x153,(362)717-4596,001-564-217-0805x153,966.227.0289x5171,kazi.masihur@example.com,,M,SUSP,7787839,2012-06-07 22:51:10.199333,021
00050047,STF,KAZI MASIHUR,RAHMAN,1956-06-11,901 Taylor Mountain,Apt. 892,Garciastad,Ohio,Garciastad,564-217-0805,(357)980-9134x3161,564-217-0805,,kazi.masihur@gmail.com,,F,SUSP,9136808,2023-02-12 22:05:53.797941,050
00050048,COR,KAZI MASIHUR,RAHMAN,1956-06-11,901 Taylor Mountain,Apt. 046,Garciastad,Idaho,Garciastad,+1-564-217-0805x8076,996-693-7923,+1-564-217-0805x8076,400-450-4556x2386,,,F,SUSP,1337521,2009-05-25 23:58:56.090209,012
00050049,STF,KAZI MASIHUR,RAHMAN,1956-06-11,901 Taylor Mountain,Apt. 046,Garciastad,Maine,Garciastad,001-564-217-0805x848,+1-982-317-5946x47436,001-564-217-0805x848,,kazi.masihur@example.com,Michael Nolan,M,SUSP,3135158,2015-05-18 07:40:26.155050,034
00050050,STF,SK MAHBUBLLAH,KAISA,1965-10-02,192 Frank Light,Suite 835,Teresaburgh,Maine,Teresaburgh,653-876-7242,5647090974,653-876-7242,,sk.mahbub@example.com,Kenneth Andrews,F,INACT,1692005,2025-12-04 03:42:38.000690,048
00050051,STF,SK MAHBUBLLAH,KAISA,1965-10-02,192 Frank Light,Suite 835,Teresaburgh,Illinois,Teresaburgh,+1-653-876-7242x8138,+1-642-710-4709x521,+1-653-876-7242x8138,,sk.mahbub@example.com,,M,ACT,8813837,2010-06-14 12:31:51.355119,039
00050052,REG,SK MAHBUBLLAH,KAISA,1965-10-02,192 Frank Light,Suite 835,Teresaburgh,Idaho,Teresaburgh,+1-653-876-7242x2664,928.658.8424,+1-653-876-7242x2664,,sk.mahbub@example.com,,C,INACT,2003985,2021-01-07 22:27:49.398237,018
00050053,STF,SK MAHBUBLLAH,KAISA,1965-10-02,192 Frank Light,Suite 835,Teresaburgh,Mississippi,Teresaburgh,+1-653-876-7242x9483,+1-349-965-1370x98593,+1-653-876-7242x9483,317-912-3685x16048,sk.mahbub@gmail.com,,C,INACT,6048885,2021-01-01 04:54:29.778184,020
00050054,COR,SK MAHBUBLLAH,KAISA,1965-10-02,192 Frank Light,Suite 835,Teresaburgh,Maryland,Teresaburgh,001-653-876-7242x909,+1-861-920-0471x1382,001-653-876-7242x909,,sk.mahbub@example.com,,M,INACT,3064268,2024-04-04 15:10:55.550649,003
00050055,STF,GOLAM MOHD ZUBAYED A,SHRAF,1987-09-06,433 Jill Springs,Apt. 960,Franciscostad,New Hampshire,Franciscostad,283-486-3794,551.358.5064,283-486-3794,001-586-992-6179x6405,golam.zubayed@example.com,,M,SUSP,7904413,2013-06-28 21:39:51.943589,026
00050056,COR,GOLAM MOHD ZUBAYED A,SHRAF,1987-09-06,433 Jill Springs,Apt. 960,Franciscostad,Iowa,Franciscostad,001-283-486-3794x851,729-504-2284x21020,001-283-486-3794x851,513.590.0532x931,golam.zubayed@example.com,,F,INACT,4717078,2025-01-19 01:43:21.126803,009
00050057,STF,GOLAM MOHD ZUBAYED A,SHRAF,1987-09-06,433 Jill Springs,Apt. 471,Franciscostad,Wyoming,Franciscostad,+1-283-486-3794x4746,(289)217-8390x847,+1-283-486-3794x4746,9249026811,,,M,INACT,3750991,2017-11-06 04:34:27.079488,009
00050058,REG,GOLAM MOHD ZUBAYED A,SHRAF,,433 Jill Springs,Apt. 960,Franciscostad,Rhode Island,Franciscostad,+1-283-486-3794x5664,747.989.6118x36736,+1-283-486-3794x5664,(761)877-1159x2124,golam.zubayed@example.com,,F,INACT,7726038,2026-01-16 05:08:35.069011,024
00050059,REG,GOLAM MOHD ZUBAYED A,SHRAF,1987-09-06,433 Jill Springs,Apt. 707,Franciscostad,Washington,Franciscostad,+1-283-486-3794x7580,356-354-5271,+1-283-486-3794x7580,,golam.zubayed@example.com,,F,SUSP,9744230,2014-01-17 09:10:06.196561,012
00050060,REG,MD MOHI UDDIN,,1971-12-30,489 Eric Track,Apt. 880,Lake Crystalbury,Connecticut,Lake Crystalbury,430-639-1171,001-252-680-9885x1656,430-639-1171,,mohi.uddin@example.com,,C,INACT,9069659,2007-12-08 18:21:37.134322,043
00050061,COR,MOHAMMAD MOHI UDDIN,,1971-12-30,489 Eric Track,Apt. 880,Lake Crystalbury,Oregon,Lake Crystalbury,430-639-1171,268.499.8094,430-639-1171,(319)683-2731x585,mohi.uddin@example.com,,M,SUSP,7497411,2018-01-29 14:43:17.810261,031
00050062,STF,MOHAMMAD MOHI UDDIN,,1971-12-30,489 Eric Track,Apt. 880,Lake Crystalbury,Wisconsin,Lake Crystalbury,001-430-639-1171x757,555-802-2961x2018,001-430-639-1171x757,,mohi.uddin@gmail.com,,F,ACT,7278552,2011-07-15 22:09:33.264497,007
00050063,STF,MOHAMMAD MOHI UDDIN,,1971-12-30,489 Eric Track,Apt. 487,Lake Crystalbury,Texas,Lake Crystalbury,+1-430-639-1171x2289,(979)676-4381x56149,+1-430-639-1171x2289,625-945-9910x22901,mohi.uddin@example.com,,F,ACT,1645479,2014-06-20 12:43:26.398962,032
00050064,REG,MOHAMMAD MOHI UDDIN,,1971-12-30,489 Eric Track,Apt. 880,Lake Crystalbury,Montana,Lake Crystalbury,430-639-1171,+1-900-834-3244x510,430-639-1171,,,,F,ACT,3200933,2006-12-24 12:03:37.430484,027
00050065,STF,KAZI MASIHUR,RAHMAN,1956-06-11,901 Taylor Mountain,Apt. 046,Garciastad,Texas,Garciastad,564-217-0805,(816)806-0715x969,564-217-0805,,kazi.masihur@example.com,James Padilla,M,INACT,4751806,2016-01-29 01:17:59.020298,002
00050066,REG,KAZI MASIHUR,RAHMAN,1956-06-11,901 Taylor Mountain,Apt. 046,Garciastad,Montana,Garciastad,+1-564-217-0805x5534,5528975161,+1-564-217-0805x5534,,kazi.masihur@example.com,,C,ACT,9143321,2011-11-11 14:07:21.213110,030
00050067,STF,KAZI MASIHUR,RAHMAN,1956-06-11,901 Taylor Mountain,Apt. 375,Garciastad,North Dakota,Garciastad,564-217-0805,364-553-5218,564-217-0805,,kazi.masihur@example.com,,C,ACT,8424719,2017-11-06 07:47:38.659098,034
00050068,COR,KAZI MASIHUR,RAHMAN,1956-06-11,901 Taylor Mountain,Apt. 046,Garciastad,New Jersey,Garciastad,+1-564-217-0805x9272,001-699-279-9552x71774,+1-564-217-0805x9272,(452)931-2432x921,kazi.masihur@example.com,,M,ACT,9157711,2024-03-10 07:43:52.537410,002
00050069,COR,KAZI MASIHUR,RAHMAN,1956-06-11,901 Taylor Mountain,Apt. 046,Garciastad,Mississippi,Garciastad,564-217-0805,511-799-8679x8079,564-217-0805,,kazi.masihur@example.com,Benjamin Murray,M,INACT,7682146,2006-10-28 10:49:41.403482,033
00050070,COR,SK MAHBUBLLAH,KAISA,1965-10-02,192 Frank Light,Suite 835,Teresaburgh,Mississippi,Teresaburgh,653-876-7242,666-459-0515x1864,653-876-7242,420.771.5182x03778,sk.mahbub@example.com,,F,INACT,6775114,2018-03-04 04:25:30.684176,002
00050071,REG,SK MAHBUBLLAH,KAISA,1965-10-02,192 Frank Light,Suite 835,Teresaburgh,Tennessee,Teresaburgh,+1-653-876-7242x9167,001-862-791-4865x281,+1-653-876-7242x9167,,sk.mahbub@example.com,Kevin Thomas,C,ACT,7268430,2013-01-25 02:36:27.791615,050
00050072,REG,SK MAHBUBLLAH,KAISA,1965-10-02,192 Frank Light,Suite 835,Teresaburgh,Wyoming,Teresaburgh,001-653-876-7242x453,+1-729-562-2292x706,001-653-876-7242x453,223-757-3322x1418,sk.mahbub@example.com,,F,SUSP,8592709,2006-06-08 21:47:48.364508,036
00050073,COR,SK MAHBUBLLAH,KAISA,1965-10-02,192 Frank Light,Suite 380,Teresaburgh,Wyoming,Teresaburgh,001-653-876-7242x104,(388)362-3924x0758,001-653-876-7242x104,983.647.3597,sk.mahbub@example.com,Lisa Goodwin,M,SUSP,4424802,2021-09-30 05:49:23.387809,024
00050074,STF,SK MAHBUBLLAH,KAISA,1965-10-02,192 Frank Light,Suite 859,Teresaburgh,Wisconsin,Teresaburgh,+1-653-876-7242x8034,(747)282-6137,+1-653-876-7242x8034,,sk.mahbub@gmail.com,,C,SUSP,5074649,2011-10-10 01:35:08.560690,034
00050075,REG,GOLAM MOHD ZUBAYED A,SHRAF,1987-09-06,433 Jill Springs,Apt. 960,Franciscostad,Maine,Franciscostad,283-486-3794,827.379.0104x3289,283-486-3794,(485)236-1530x5152,golam.zubayed@example.com,,F,ACT,2716684,2014-05-15 11:26:25.482944,024
00050076,REG,GOLAM MOHD ZUBAYED A,SHRAF,1987-09-06,433 Jill Springs,Apt. 960,Franciscostad,Rhode Island,Franciscostad,001-283-486-3794x187,+1-708-593-2460,001-283-486-3794x187,341.903.6971,golam.zubayed@example.com,,M,SUSP,8647607,2021-08-05 12:34:00.170004,025
00050077,COR,GOLAM MOHAMMED ZUBAYED A,SHRAF,1987-09-06,433 Jill Springs,Apt. 604,Franciscostad,West Virginia,Franciscostad,001-283-486-3794x283,2517531952,001-283-486-3794x283,(718)688-8806x706,golam.zubayed@example.com,Chelsea Barnett,C,SUSP,2926695,2016-07-16 16:30:22.734562,002
00050078,REG,GOLAM MOHD ZUBAYED A,SHRAF,1987-09-06,433 Jill Springs,Apt. 374,Franciscostad,Tennessee,Franciscostad,+1-283-486-3794x7524,(577)222-1704,+1-283-486-3794x7524,,golam.zubayed@example.com,,M,SUSP,3985332,2016-12-28 06:12:55.197808,011
00050079,REG,GOLAM MOHAMMED ZUBAYED A,SHRAF,1987-09-06,433 Jill Springs,Apt. 960,Franciscostad,Arizona,Franciscostad,+1-283-486-3794x4686,348-768-7403x45054,+1-283-486-3794x4686,,golam.zubayed@example.com,,C,SUSP,9374772,2021-11-22 15:10:34.780733,030
00050080,STF,MD MOHI UDDIN,,1971-12-30,489 Eric Track,Apt. 880,Lake Crystalbury,Ohio,Lake Crystalbury,430-639-1171,951-215-4479x6275,430-639-1171,(876)452-7758x4161,mohi.uddin@example.com,,M,SUSP,1267772,2014-10-23 13:55:31.842170,046
00050081,COR,MOHAMMAD MOHI UDDIN,,1971-12-30,489 Eric Track,Apt. 880,Lake Crystalbury,South Dakota,Lake Crystalbury,430-639-1171,9162582029,430-639-1171,,mohi.uddin@example.com,Susan Mendez,F,ACT,2350150,2014-10-08 21:23:16.267480,002
00050082,REG,MOHAMMAD MOHI UDDIN,,1971-12-30,489 Eric Track,Apt. 880,Lake Crystalbury,New Hampshire,Lake Crystalbury,+1-430-639-1171x5347,001-819-328-5654x31027,+1-430-639-1171x5347,755.769.0927,mohi.uddin@gmail.com,,F,ACT,2345135,2008-08-05 19:44:54.043597,003
00050083,STF,MOHAMMAD MOHI UDDIN,,,489 Eric Track,Apt. 880,Lake Crystalbury,Kentucky,Lake Crystalbury,001-430-639-1171x195,001-973-394-7312x172,001-430-639-1171x195,,mohi.uddin@gmail.com,,M,ACT,9819517,2011-04-22 23:08:12.480580,035
00050084,REG,MD MOHI UDDIN,,1971-12-30,489 Eric Track,Apt. 653,Lake Crystalbury,New York,Lake Crystalbury,430-639-1171,3583957829,430-639-1171,451-588-4422x58313,mohi.uddin@example.com,,M,SUSP,7023118,2022-04-13 08:59:36.124443,001
00050085,COR,KAZI MASIHUR,RAHMAN,1956-06-11,901 Taylor Mountain,Apt. 046,Garciastad,Wyoming,Garciastad,564-217-0805,+1-492-626-8018,564-217-0805,001-778-466-9125x177,kazi.masihur@example.com,,M,INACT,1942416,2012-04-04 01:04:13.405925,018
00050086,STF,KAZI MASIHUR,RAHMAN,1956-06-11,901 Taylor Mountain,Apt. 046,Garciastad,Pennsylvania,Garciastad,001-564-217-0805x611,001-322-299-5900,001-564-217-0805x611,335-484-1438x42498,kazi.masihur@example.com,,F,ACT,2916621,2009-05-13 12:35:43.012471,029
00050087,COR,KAZI MASIHUR,RAHMAN,1956-06-11,901 Taylor Mountain,Apt. 046,Garciastad,Wyoming,Garciastad,+1-564-217-0805x8300,001-643-696-9078,+1-564-217-0805x8300,,kazi.masihur@example.com,,F,ACT,3833159,2025-01-15 16:23:16.087484,048
00050088,REG,KAZI MASIHUR,RAHMAN,1956-06-11,901 Taylor Mountain,Apt. 046,Garciastad,Utah,Garciastad,+1-564-217-0805x4274,(447)710-2767x7359,+1-564-217-0805x4274,,,,C,INACT,5680510,2015-09-24 13:16:25.594594,043
00050089,COR,KAZI MASIHUR,RAHMAN,1956-06-11,901 Taylor Mountain,Apt. 600,Garciastad,Montana,Garciastad,001-564-217-0805x528,(658)981-5371,001-564-217-0805x528,,kazi.masihur@example.com,Emma Travis,M,ACT,1049307,2012-12-23 14:24:55.124268,018
00050090,COR,SK MAHBUBLLAH,KAISA,1965-10-02,192 Frank Light,Suite 835,Teresaburgh,Wisconsin,Teresaburgh,653-876-7242,(878)977-4701,653-876-7242,704-569-6325,sk.mahbub@example.com,,F,INACT,4092832,2011-01-11 17:39:17.505473,038
00050091,COR,SK MAHBUBLLAH,KAISA,1965-10-02,192 Frank Light,Suite 835,Teresaburgh,Indiana,Teresaburgh,001-653-876-7242x301,001-250-304-7974,001-653-876-7242x301,,sk.mahbub@example.com,,C,INACT,3690788,2025-05-28 04:33:58.901480,020
00050092,REG,SK MAHBUBLLAH,KAISA,1965-10-02,192 Frank Light,Suite 257,Teresaburgh,Kentucky,Teresaburgh,653-876-7242,001-356-850-6098x3584,653-876-7242,,,,M,INACT,4782260,2014-09-09 13:53:40.047385,005
00050093,REG,SK MAHBUBLLAH,KAISA,,192 Frank Light,Suite 923,Teresaburgh,Wisconsin,Teresaburgh,+1-653-876-7242x6878,+1-749-791-2165,+1-653-876-7242x6878,,sk.mahbub@gmail.com,,M,ACT,9712305,2016-02-27 05:21:55.181626,032
00050094,STF,SK MAHBUBLLAH,KAISA,1965-10-02,192 Frank Light,Suite 835,Teresaburgh,North Dakota,Teresaburgh,653-876-7242,729.982.5952x694,653-876-7242,798.968.0002,sk.mahbub@gmail.com,,C,INACT,6665290,2021-03-03 14:34:35.624764,011
00050095,COR,GOLAM MOHD ZUBAYED A,SHRAF,1987-09-06,433 Jill Springs,Apt. 960,Franciscostad,North Dakota,Franciscostad,283-486-3794,+1-496-823-0913x0756,283-486-3794,+1-916-494-0974x99309,golam.zubayed@example.com,Elizabeth Cabrera,F,INACT,1705693,2013-06-09 12:25:46.189446,007
00050096,STF,GOLAM MOHD ZUBAYED A,SHRAF,1987-09-06,433 Jill Springs,Apt. 960,Franciscostad,West Virginia,Franciscostad,001-283-486-3794x917,001-702-783-8578x6527,001-283-486-3794x917,,golam.zubayed@example.com,Jennifer Hampton,F,ACT,9832854,2024-06-24 23:01:14.967510,025
00050097,COR,GOLAM MOHD ZUBAYED A,SHRAF,1987-09-06,433 Jill Springs,Apt. 960,Franciscostad,New Mexico,Franciscostad,+1-283-486-3794x8411,(284)641-9866x524,+1-283-486-3794x8411,001-949-773-3484x3443,golam.zubayed@example.com,,C,SUSP,2469514,2019-08-03 19:44:27.821702,008
00050098,STF,GOLAM MOHD ZUBAYED A,SHRAF,1987-09-06,433 Jill Springs,Apt. 543,Franciscostad,Texas,Franciscostad,001-283-486-3794x785,933.901.6571x20826,001-283-486-3794x785,001-573-238-4842x1993,,Angela Bradshaw,C,INACT,4064325,2019-03-11 11:34:39.452273,001
00050099,COR,GOLAM MOHD ZUBAYED A,SHRAF,1987-09-06,433 Jill Springs,Apt. 960,Franciscostad,New York,Franciscostad,283-486-3794,(640)904-9915,283-486-3794,2198380262,,Nicole Mitchell,F,SUSP,6433042,2011-10-12 15:21:14.516337,021
00050100,REG,MD MOHI UDDIN,,1971-12-30,489 Eric Track,Apt. 880,Lake Crystalbury,Ohio,Lake Crystalbury,430-639-1171,772.687.4315x27420,430-639-1171,,mohi.uddin@example.com,,M,SUSP,4348109,2025-11-07 21:52:40.106595,037
00050101,COR,MD MOHI UDDIN,,1971-12-30,489 Eric Track,Apt. 880,Lake Crystalbury,Wisconsin,Lake Crystalbury,+1-430-639-1171x2291,329.466.8516,+1-430-639-1171x2291,,mohi.uddin@example.com,,C,ACT,1205989,2017-06-05 06:23:05.833897,004
00050102,STF,MOHAMMAD MOHI UDDIN,,1971-12-30,489 Eric Track,Apt. 880,Lake Crystalbury,Tennessee,Lake Crystalbury,+1-430-639-1171x5160,(730)517-4268x414,+1-430-639-1171x5160,253.604.6374x5499,mohi.uddin@gmail.com,,F,ACT,5773955,2025-09-14 18:02:32.059105,042
00050103,STF,MD MOHI UDDIN,,,489 Eric Track,Apt. 880,Lake Crystalbury,Utah,Lake Crystalbury,430-639-1171,001-491-487-8519x10883,430-639-1171,(572)579-5687,mohi.uddin@example.com,,C,ACT,8510186,2010-06-15 10:16:51.195320,026
00050104,COR,MOHAMMAD MOHI UDDIN,,1971-12-30,489 Eric Track,Apt. 544,Lake Crystalbury,Oklahoma,Lake Crystalbury,+1-430-639-1171x1927,340.264.0391x065,+1-430-639-1171x1927,971.239.7187x07286,mohi.uddin@gmail.com,,M,INACT,3211825,2012-08-19 13:42:56.423489,002
00050105,STF,KAZI MASIHUR,RAHMAN,1956-06-11,901 Taylor Mountain,Apt. 046,Garciastad,California,Garciastad,564-217-0805,404.762.2656x7661,564-217-0805,,kazi.masihur@example.com,,C,SUSP,8316866,2024-10-05 16:16:36.091067,030
00050106,STF,KAZI MASIHUR,RAHMAN,1956-06-11,901 Taylor Mountain,Apt. 046,Garciastad,Iowa,Garciastad,001-564-217-0805x285,275.524.3106,001-564-217-0805x285,+1-868-823-0047,kazi.masihur@example.com,,C,ACT,6042045,2008-06-11 07:54:13.817306,005
00050107,REG,KAZI MASIHUR,RAHMAN,1956-06-11,901 Taylor Mountain,Apt. 046,Garciastad,Ohio,Garciastad,001-564-217-0805x336,702.584.3959,001-564-217-0805x336,990-579-0306,kazi.masihur@example.com,,F,ACT,6091174,2010-03-12 02:56:49.703581,050
00050108,REG,KAZI MASIHUR,RAHMAN,,901 Taylor Mountain,Apt. 046,Garciastad,Georgia,Garciastad,+1-564-217-0805x2303,+1-783-864-4089x26870,+1-564-217-0805x2303,,kazi.masihur@example.com,,C,SUSP,8930718,2012-02-09 01:35:55.280695,011
00050109,STF,KAZI MASIHUR,RAHMAN,1956-06-11,901 Taylor Mountain,Apt. 046,Garciastad,Massachusetts,Garciastad,+1-564-217-0805x6374,001-466-924-6287x334,+1-564-217-0805x6374,,kazi.masihur@example.com,,M,SUSP,7612381,2021-10-14 21:11:46.658877,049
00050110,STF,SK MAHBUBLLAH,KAISA,1965-10-02,192 Frank Light,Suite 835,Teresaburgh,Florida,Teresaburgh,653-876-7242,(834)235-1751x8304,653-876-7242,,sk.mahbub@example.com,Kristina Faulkner,C,SUSP,2512690,2017-03-20 14:32:45.095806,047
00050111,COR,SK MAHBUBLLAH,KAISA,1965-10-02,192 Frank Light,Suite 835,Teresaburgh,Oklahoma,Teresaburgh,+1-653-876-7242x5760,973.554.0331,+1-653-876-7242x5760,,sk.mahbub@example.com,Chelsea Gill,M,INACT,5732087,2020-07-22 15:25:27.748619,031
00050112,REG,SK MAHBUBLLAH,KAISA,1965-10-02,192 Frank Light,Suite 724,Teresaburgh,North Carolina,Teresaburgh,653-876-7242,271.675.3556x0932,653-876-7242,001-636-738-5467x854,sk.mahbub@gmail.com,,M,ACT,8685977,2019-12-26 03:34:04.053054,006
00050113,STF,SK MAHBUBLLAH,KAISA,,192 Frank Light,Suite 835,Teresaburgh,Washington,Teresaburgh,+1-653-876-7242x6273,+1-277-325-2287x2808,+1-653-876-7242x6273,653.969.3785,sk.mahbub@gmail.com,Lauren Cortez,M,SUSP,8288110,2011-12-23 01:24:04.722356,017
00050114,STF,SK MAHBUBLLAH,KAISA,1965-10-02,192 Frank Light,Suite 835,Teresaburgh,Texas,Teresaburgh,+1-653-876-7242x2237,9067231203,+1-653-876-7242x2237,,sk.mahbub@example.com,,M,SUSP,3385018,2024-12-22 03:32:56.910108,018
00050115,STF,GOLAM MOHD ZUBAYED A,SHRAF,1987-09-06,433 Jill Springs,Apt. 960,Franciscostad,South Dakota,Franciscostad,283-486-3794,+1-697-270-0886x00848,283-486-3794,,golam.zubayed@example.com,,F,INACT,9650989,2007-04-13 07:31:51.874135,047
00050116,COR,GOLAM MOHAMMED ZUBAYED A,SHRAF,1987-09-06,433 Jill Springs,Apt. 960,Franciscostad,Montana,Franciscostad,+1-283-486-3794x5814,256-379-3341,+1-283-486-3794x5814,001-762-611-8233x984,golam.zubayed@example.com,,F,SUSP,1971455,2016-02-12 07:48:37.890734,002
00050117,REG,GOLAM MOHD ZUBAYED A,SHRAF,1987-09-06,433 Jill Springs,Apt. 737,Franciscostad,Arizona,Franciscostad,+1-283-486-3794x4384,448-890-2503,+1-283-486-3794x4384,001-921-676-5918x033,golam.zubayed@gmail.com,James Alvarez,C,ACT,4148748,2018-10-22 01:19:21.376347,048
00050118,STF,GOLAM MOHD ZUBAYED A,SHRAF,,433 Jill Springs,Apt. 960,Franciscostad,Maryland,Franciscostad,001-283-486-3794x231,(393)796-8562,001-283-486-3794x231,,golam.zubayed@example.com,,F,ACT,1371101,2024-08-24 23:36:08.331801,028
00050119,COR,GOLAM MOHAMMED ZUBAYED A,SHRAF,1987-09-06,433 Jill Springs,Apt. 960,Franciscostad,Nevada,Franciscostad,283-486-3794,(696)419-4311,283-486-3794,(731)859-9965x04773,golam.zubayed@gmail.com,,C,INACT,9684389,2007-02-22 23:30:25.542117,041
00050120,COR,MD MOHI UDDIN,,1971-12-30,489 Eric Track,Apt. 880,Lake Crystalbury,Idaho,Lake Crystalbury,430-639-1171,(778)888-6101x58199,430-639-1171,+1-426-355-1104x7541,mohi.uddin@example.com,,F,ACT,3371280,2013-09-02 13:28:52.234729,046
00050121,COR,MD MOHI UDDIN,,1971-12-30,489 Eric Track,Apt. 880,Lake Crystalbury,California,Lake Crystalbury,430-639-1171,(564)964-7154,430-639-1171,(961)483-9826x22444,mohi.uddin@example.com,,F,SUSP,6141088,2006-04-26 21:12:13.519413,048
00050122,COR,MD MOHI UDDIN,,1971-12-30,489 Eric Track,Apt. 880,Lake Crystalbury,Illinois,Lake Crystalbury,001-430-639-1171x427,812.440.6596x575,001-430-639-1171x427,,mohi.uddin@example.com,,F,SUSP,2904042,2017-12-12 08:59:37.760602,039
00050123,REG,MOHAMMAD MOHI UDDIN,,1971-12-30,489 Eric Track,Apt. 880,Lake Crystalbury,Mississippi,Lake Crystalbury,001-430-639-1171x969,593-998-2807,001-430-639-1171x969,(665)847-9356,mohi.uddin@example.com,Larry Dominguez,C,INACT,4366770,2015-08-26 19:23:42.644028,031
00050124,REG,MD MOHI UDDIN,,1971-12-30,489 Eric Track,Apt. 880,Lake Crystalbury,Ohio,Lake Crystalbury,001-430-639-1171x826,2588911352,001-430-639-1171x826,(872)843-4266x17979,mohi.uddin@gmail.com,Sandra Jones,M,INACT,2228613,2023-01-10 15:49:00.844541,018
00050125,STF,KAZI MASIHUR,RAHMAN,1956-06-11,901 Taylor Mountain,Apt. 046,Garciastad,Michigan,Garciastad,564-217-0805,(810)914-3888x99375,564-217-0805,,kazi.masihur@example.com,,F,ACT,5806467,2025-05-29 02:23:37.077704,009
00050126,REG,KAZI MASIHUR,RAHMAN,1956-06-11,901 Taylor Mountain,Apt. 046,Garciastad,Pennsylvania,Garciastad,+1-564-217-0805x8333,001-782-650-7146x112,+1-564-217-0805x8333,,kazi.masihur@example.com,,F,ACT,8273967,2021-07-08 13:02:21.629352,027
00050127,REG,KAZI MASIHUR,RAHMAN,1956-06-11,901 Taylor Mountain,Apt. 723,Garciastad,Arizona,Garciastad,+1-564-217-0805x4201,001-810-951-2382x825,+1-564-217-0805x4201,387.657.1775,kazi.masihur@gmail.com,,F,INACT,6190216,2012-12-06 18:30:36.555571,027
00050128,COR,KAZI MASIHUR,RAHMAN,1956-06-11,901 Taylor Mountain,Apt. 046,Garciastad,Montana,Garciastad,+1-564-217-0805x8278,+1-522-566-0937x9660,+1-564-217-0805x8278,,,,C,SUSP,9088410,2010-09-16 09:30:28.995947,013
00050129,STF,KAZI MASIHUR,RAHMAN,1956-06-11,901 Taylor Mountain,Apt. 197,Garciastad,Virginia,Garciastad,001-564-217-0805x784,391-682-5537,001-564-217-0805x784,,,,C,SUSP,6045746,2011-08-21 23:47:09.670801,008
00050130,REG,SK MAHBUBLLAH,KAISA,1965-10-02,192 Frank Light,Suite 835,Teresaburgh,South Carolina,Teresaburgh,653-876-7242,001-712-451-3412,653-876-7242,485.696.9691x5579,sk.mahbub@example.com,,F,INACT,6030463,2019-06-27 01:51:41.106019,003
00050131,REG,SK MAHBUBLLAH,KAISA,1965-10-02,192 Frank Light,Suite 835,Teresaburgh,Nebraska,Teresaburgh,001-653-876-7242x903,+1-629-466-2782x827,001-653-876-7242x903,,sk.mahbub@example.com,,M,SUSP,8836009,2016-04-15 05:04:13.972816,044
00050132,COR,SK MAHBUBLLAH,KAISA,1965-10-02,192 Frank Light,Suite 835,Teresaburgh,New Hampshire,Teresaburgh,+1-653-876-7242x4877,+1-905-807-2368x876,+1-653-876-7242x4877,,sk.mahbub@example.com,,M,ACT,2522989,2009-10-24 10:55:52.876969,014
00050133,STF,SK MAHBUBLLAH,KAISA,1965-10-02,192 Frank Light,Suite 318,Teresaburgh,New Hampshire,Teresaburgh,+1-653-876-7242x4191,921.990.3404x3842,+1-653-876-7242x4191,,sk.mahbub@example.com,,M,INACT,9247234,2020-04-10 04:27:30.646168,004
00050134,COR,SK MAHBUBLLAH,KAISA,1965-10-02,192 Frank Light,Suite 224,Teresaburgh,Mississippi,Teresaburgh,+1-653-876-7242x4681,+1-207-983-6134,+1-653-876-7242x4681,,sk.mahbub@example.com,Ashley Wilson,C,ACT,7299095,2021-07-28 18:48:06.809295,002
00050135,REG,GOLAM MOHD ZUBAYED A,SHRAF,1987-09-06,433 Jill Springs,Apt. 960,Franciscostad,Colorado,Franciscostad,283-486-3794,513.239.5962x923,283-486-3794,,golam.zubayed@example.com,,F,ACT,1941400,2011-04-30 13:12:36.278792,007
00050136,COR,GOLAM MOHD ZUBAYED A,SHRAF,1987-09-06,433 Jill Springs,Apt. 960,Franciscostad,Virginia,Franciscostad,001-283-486-3794x867,449-748-1260x4223,001-283-486-3794x867,,golam.zubayed@example.com,Kim Carlson,C,SUSP,2118134,2009-06-09 16:49:03.863106,016
00050137,COR,GOLAM MOHD ZUBAYED A,SHRAF,1987-09-06,433 Jill Springs,Apt. 960,Franciscostad,Wisconsin,Franciscostad,283-486-3794,+1-767-929-4667x11684,283-486-3794,,golam.zubayed@example.com,,M,ACT,2531691,2022-08-22 15:09:33.571297,001
00050138,STF,GOLAM MOHAMMED ZUBAYED A,SHRAF,,433 Jill Springs,Apt. 960,Franciscostad,Michigan,Franciscostad,001-283-486-3794x423,+1-992-297-5001,001-283-486-3794x423,790-617-5186x36374,golam.zubayed@example.com,,F,SUSP,4742315,2025-01-28 03:41:24.993561,034
00050139,COR,GOLAM MOHD ZUBAYED A,SHRAF,1987-09-06,433 Jill Springs,Apt. 536,Franciscostad,Nevada,Franciscostad,001-283-486-3794x148,+1-211-703-7129x3870,001-283-486-3794x148,(632)542-4154x15206,golam.zubayed@example.com,Scott Alexander,F,SUSP,4256043,2006-01-31 16:12:26.845631,012
00050140,COR,MD MOHI UDDIN,,1971-12-30,489 Eric Track,Apt. 880,Lake Crystalbury,California,Lake Crystalbury,430-639-1171,390.492.7532x69731,430-639-1171,(427)413-6111x55426,mohi.uddin@example.com,,F,ACT,4195840,2022-05-31 13:20:19.910397,015
00050141,COR,MD MOHI UDDIN,,1971-12-30,489 Eric Track,Apt. 880,Lake Crystalbury,Maine,Lake Crystalbury,001-430-639-1171x693,+1-703-476-1379x1805,001-430-639-1171x693,523-841-3899x94043,mohi.uddin@example.com,Leah Cruz,F,ACT,6063092,2025-05-03 01:50:48.225395,021
00050142,COR,MD MOHI UDDIN,,1971-12-30,489 Eric Track,Apt. 880,Lake Crystalbury,Oregon,Lake Crystalbury,+1-430-639-1171x3746,(858)627-1091x04300,+1-430-639-1171x3746,,mohi.uddin@example.com,,M,SUSP,1245303,2013-10-22 12:19:52.857569,038
00050143,REG,MOHAMMAD MOHI UDDIN,,,489 Eric Track,Apt. 880,Lake Crystalbury,North Carolina,Lake Crystalbury,430-639-1171,001-566-461-8892x41418,430-639-1171,,mohi.uddin@gmail.com,,F,SUSP,3581831,2018-08-23 07:42:13.258397,009
00050144,COR,MOHAMMAD MOHI UDDIN,,1971-12-30,489 Eric Track,Apt. 880,Lake Crystalbury,Texas,Lake Crystalbury,+1-430-639-1171x4485,001-721-402-0275x8842,+1-430-639-1171x4485,(291)646-3031x6179,mohi.uddin@example.com,,F,INACT,3948635,2016-10-18 23:03:24.577340,015
00050145,REG,KAZI MASIHUR,RAHMAN,1956-06-11,901 Taylor Mountain,Apt. 046,Garciastad,Louisiana,Garciastad,564-217-0805,001-710-256-4814x9177,564-217-0805,,kazi.masihur@example.com,,M,INACT,9666049,2021-01-24 16:54:11.237647,046
00050146,STF,KAZI MASIHUR,RAHMAN,1956-06-11,901 Taylor Mountain,Apt. 046,Garciastad,Oregon,Garciastad,+1-564-217-0805x8712,(252)241-9138,+1-564-217-0805x8712,,kazi.masihur@example.com,,C,SUSP,8969153,2016-01-24 06:56:04.095409,008
00050147,STF,KAZI MASIHUR,RAHMAN,1956-06-11,901 Taylor Mountain,Apt. 046,Garciastad,California,Garciastad,564-217-0805,001-851-380-2380,564-217-0805,(720)686-3536,kazi.masihur@gmail.com,Alexandria Williams,F,INACT,9375160,2013-05-08 12:19:07.098599,016
00050148,STF,KAZI MASIHUR,RAHMAN,,901 Taylor Mountain,Apt. 910,Garciastad,Maine,Garciastad,001-564-217-0805x300,001-945-718-7053x49493,001-564-217-0805x300,,kazi.masihur@example.com,,F,ACT,4825106,2023-08-11 23:36:02.554327,034
00050149,REG,KAZI MASIHUR,RAHMAN,1956-06-11,901 Taylor Mountain,Apt. 046,Garciastad,New York,Garciastad,564-217-0805,001-838-632-0603x85050,564-217-0805,,kazi.masihur@example.com,,F,SUSP,1605466,2017-11-26 22:07:15.578180,008
00050150,COR,SK MAHBUBLLAH,KAISA,1965-10-02,192 Frank Light,Suite 835,Teresaburgh,Pennsylvania,Teresaburgh,653-876-7242,482-561-9906,653-876-7242,9243103865,sk.mahbub@example.com,Joseph Allen,F,SUSP,6053471,2015-11-29 21:50:50.422575,022
00050151,REG,SK MAHBUBLLAH,KAISA,1965-10-02,192 Frank Light,Suite 835,Teresaburgh,New Jersey,Teresaburgh,653-876-7242,261-585-3747x41124,653-876-7242,001-455-974-3132x9121,sk.mahbub@example.com,Samuel Howe,C,INACT,8330155,2013-12-06 04:16:56.926407,016
00050152,COR,SK MAHBUBLLAH,KAISA,1965-10-02,192 Frank Light,Suite 835,Teresaburgh,Minnesota,Teresaburgh,653-876-7242,(980)344-2067x8831,653-876-7242,,sk.mahbub@example.com,Erin Davis,F,INACT,7303019,2011-01-13 22:13:59.185368,030
00050153,REG,SK MAHBUBLLAH,KAISA,1965-10-02,192 Frank Light,Suite 714,Teresaburgh,California,Teresaburgh,+1-653-876-7242x4853,9132721510,+1-653-876-7242x4853,(310)603-2365,sk.mahbub@gmail.com,,F,ACT,5142509,2022-02-24 01:01:35.393693,012
00050154,COR,SK MAHBUBLLAH,KAISA,1965-10-02,192 Frank Light,Suite 835,Teresaburgh,Louisiana,Teresaburgh,653-876-7242,972-209-9934x768,653-876-7242,001-566-470-6625,sk.mahbub@example.com,,M,ACT,6273679,2009-06-06 20:46:05.214235,044
00050155,COR,GOLAM MOHD ZUBAYED A,SHRAF,1987-09-06,433 Jill Springs,Apt. 960,Franciscostad,Missouri,Franciscostad,283-486-3794,520-459-3040x785,283-486-3794,(726)738-3806x5787,golam.zubayed@example.com,,C,ACT,2172101,2007-10-29 12:37:39.565592,012
00050156,COR,GOLAM MOHD ZUBAYED A,SHRAF,1987-09-06,433 Jill Springs,Apt. 960,Franciscostad,Texas,Franciscostad,+1-283-486-3794x3041,448.503.9652,+1-283-486-3794x3041,,golam.zubayed@example.com,,F,INACT,6461484,2008-01-28 04:46:39.937350,017
00050157,REG,GOLAM MOHD ZUBAYED A,SHRAF,1987-09-06,433 Jill Springs,Apt. 960,Franciscostad,West Virginia,Franciscostad,001-283-486-3794x651,001-659-405-9929x378,001-283-486-3794x651,,golam.zubayed@example.com,,F,SUSP,1511949,2017-12-02 23:22:57.521748,040
00050158,STF,GOLAM MOHD ZUBAYED A,SHRAF,1987-09-06,433 Jill Springs,Apt. 960,Franciscostad,Florida,Franciscostad,001-283-486-3794x509,325-700-2921x85156,001-283-486-3794x509,703-593-0870,,,M,ACT,1951958,2015-11-18 06:39:55.694959,047
00050159,STF,GOLAM MOHD ZUBAYED A,SHRAF,1987-09-06,433 Jill Springs,Apt. 960,Franciscostad,Missouri,Franciscostad,283-486-3794,542-320-9690x2959,283-486-3794,(526)475-2895,golam.zubayed@example.com,,M,SUSP,6329370,2012-02-09 01:43:28.802281,025
00050160,COR,MD MOHI UDDIN,,1971-12-30,489 Eric Track,Apt. 880,Lake Crystalbury,Kentucky,Lake Crystalbury,430-639-1171,931.854.1006,430-639-1171,(951)235-5215,mohi.uddin@example.com,,C,SUSP,2434206,2024-10-21 01:18:51.312282,023
00050161,STF,MD MOHI UDDIN,,1971-12-30,489 Eric Track,Apt. 880,Lake Crystalbury,Ohio,Lake Crystalbury,+1-430-639-1171x1966,(317)393-2710x4054,+1-430-639-1171x1966,,mohi.uddin@example.com,Stacey Snyder,C,ACT,6855028,2013-08-24 03:46:37.840631,004
00050162,STF,MOHAMMAD MOHI UDDIN,,1971-12-30,489 Eric Track,Apt. 880,Lake Crystalbury,Arkansas,Lake Crystalbury,+1-430-639-1171x4189,653-536-8844,+1-430-639-1171x4189,(821)481-5997x0629,mohi.uddin@example.com,,F,ACT,3097583,2012-11-27 13:52:46.326439,003
00050163,COR,MOHAMMAD MOHI UDDIN,,1971-12-30,489 Eric Track,Apt. 877,Lake Crystalbury,Montana,Lake Crystalbury,001-430-639-1171x506,001-687-920-5061,001-430-639-1171x506,,,,C,ACT,9858906,2007-12-28 09:13:31.197746,040
00050164,COR,MOHAMMAD MOHI UDDIN,,1971-12-30,489 Eric Track,Apt. 880,Lake Crystalbury,Mississippi,Lake Crystalbury,001-430-639-1171x939,(452)370-4774x3490,001-430-639-1171x939,871-446-7741,mohi.uddin@gmail.com,Alexander Jackson,F,ACT,4892977,2011-11-28 08:41:30.915800,029
00050165,REG,KAZI MASIHUR,RAHMAN,1956-06-11,901 Taylor Mountain,Apt. 046,Garciastad,Maryland,Garciastad,564-217-0805,360-989-8992,564-217-0805,(586)993-8068x687,kazi.masihur@example.com,,F,ACT,9177935,2007-10-14 19:30:03.260039,015
00050166,STF,KAZI MASIHUR,RAHMAN,1956-06-11,901 Taylor Mountain,Apt. 046,Garciastad,Massachusetts,Garciastad,564-217-0805,001-811-368-6854x8709,564-217-0805,(433)620-6163,kazi.masihur@example.com,,F,ACT,8988724,2009-07-12 14:01:05.096114,021
00050167,STF,KAZI MASIHUR,RAHMAN,1956-06-11,901 Taylor Mountain,Apt. 046,Garciastad,Kentucky,Garciastad,+1-564-217-0805x2512,(279)897-0246x2996,+1-564-217-0805x2512,(799)891-1914,kazi.masihur@example.com,,C,ACT,4783692,2014-05-12 03:45:30.303188,037
00050168,STF,KAZI MASIHUR,RAHMAN,1956-06-11,901 Taylor Mountain,Apt. 483,Garciastad,Michigan,Garciastad,+1-564-217-0805x4885,001-330-574-5054x447,+1-564-217-0805x4885,,,,C,INACT,3040874,2023-11-11 21:35:15.417995,031
00050169,COR,KAZI MASIHUR,RAHMAN,1956-06-11,901 Taylor Mountain,Apt. 966,Garciastad,North Carolina,Garciastad,001-564-217-0805x544,(414)586-2890,001-564-217-0805x544,001-775-246-9137x3678,,,C,SUSP,8355257,2008-10-04 09:31:51.148471,029
00050170,COR,SK MAHBUBLLAH,KAISA,1965-10-02,192 Frank Light,Suite 835,Teresaburgh,Illinois,Teresaburgh,653-876-7242,9308705345,653-876-7242,,sk.mahbub@example.com,,M,INACT,2321617,2023-07-29 18:09:38.239659,037
00050171,STF,SK MAHBUBLLAH,KAISA,1965-10-02,192 Frank Light,Suite 835,Teresaburgh,Hawaii,Teresaburgh,653-876-7242,614-806-0293x333,653-876-7242,703-757-9727,sk.mahbub@example.com,,M,INACT,6729018,2018-10-12 06:42:14.936336,002
00050172,STF,SK MAHBUBLLAH,KAISA,1965-10-02,192 Frank Light,Suite 208,Teresaburgh,Wyoming,Teresaburgh,+1-653-876-7242x2562,001-707-922-9034x94466,+1-653-876-7242x2562,,sk.mahbub@gmail.com,,C,SUSP,5609571,2016-05-03 03:42:30.749188,016
00050173,COR,SK MAHBUBLLAH,KAISA,,192 Frank Light,Suite 727,Teresaburgh,Utah,Teresaburgh,653-876-7242,571-454-5444,653-876-7242,648.696.9108x589,sk.mahbub@gmail.com,,C,INACT,6093717,2011-02-10 12:54:37.820454,029
00050174,REG,SK MAHBUBLLAH,KAISA,1965-10-02,192 Frank Light,Suite 659,Teresaburgh,Kansas,Teresaburgh,+1-653-876-7242x6125,8968520744,+1-653-876-7242x6125,,sk.mahbub@example.com,,F,ACT,9763249,2016-06-01 11:08:05.292609,008
00050175,REG,GOLAM MOHD ZUBAYED A,SHRAF,1987-09-06,433 Jill Springs,Apt. 960,Franciscostad,Illinois,Franciscostad,283-486-3794,638-475-8428x24172,283-486-3794,,golam.zubayed@example.com,Andrew Erickson,M,INACT,1537427,2017-07-06 09:26:24.433960,043
00050176,STF,GOLAM MOHAMMED ZUBAYED A,SHRAF,1987-09-06,433 Jill Springs,Apt. 960,Franciscostad,Arkansas,Franciscostad,001-283-486-3794x280,+1-299-491-7381x6846,001-283-486-3794x280,346.955.4947,golam.zubayed@example.com,Stephanie Pena,F,INACT,8572830,2010-07-08 06:07:30.757711,046
00050177,STF,GOLAM MOHAMMED ZUBAYED A,SHRAF,1987-09-06,433 Jill Springs,Apt. 960,Franciscostad,South Dakota,Franciscostad,+1-283-486-3794x8616,(450)907-4329,+1-283-486-3794x8616,956.797.2521,golam.zubayed@gmail.com,,C,ACT,6324067,2008-10-26 03:55:27.385957,005
00050178,REG,GOLAM MOHD ZUBAYED A,SHRAF,1987-09-06,433 Jill Springs,Apt. 960,Franciscostad,Wyoming,Franciscostad,+1-283-486-3794x8472,229-266-6676,+1-283-486-3794x8472,,,,C,ACT,4942099,2021-10-10 13:06:48.108472,029
00050179,REG,GOLAM MOHD ZUBAYED A,SHRAF,1987-09-06,433 Jill Springs,Apt. 960,Franciscostad,Washington,Franciscostad,001-283-486-3794x300,(305)883-0033x542,001-283-486-3794x300,,golam.zubayed@gmail.com,,F,ACT,1614842,2016-09-29 21:54:36.585720,049
00050180,STF,MD MOHI UDDIN,,1971-12-30,489 Eric Track,Apt. 880,Lake Crystalbury,Maryland,Lake Crystalbury,430-639-1171,(710)844-7898,430-639-1171,,mohi.uddin@example.com,,F,INACT,2411930,2016-02-20 12:14:30.540876,020
00050181,COR,MD MOHI UDDIN,,1971-12-30,489 Eric Track,Apt. 880,Lake Crystalbury,Florida,Lake Crystalbury,430-639-1171,475-332-6033x23098,430-639-1171,,mohi.uddin@example.com,,C,SUSP,1872668,2023-10-31 05:03:12.524359,041
00050182,COR,MD MOHI UDDIN,,1971-12-30,489 Eric Track,Apt. 880,Lake Crystalbury,Missouri,Lake Crystalbury,001-430-639-1171x229,384-672-3046,001-430-639-1171x229,+1-806-948-9090x1001,mohi.uddin@example.com,,F,INACT,1423160,2013-05-27 14:45:36.033637,041
00050183,COR,MD MOHI UDDIN,,,489 Eric Track,Apt. 880,Lake Crystalbury,North Dakota,Lake Crystalbury,+1-430-639-1171x7163,956.742.0873,+1-430-639-1171x7163,001-526-618-9141x173,mohi.uddin@example.com,,F,INACT,7075449,2018-07-12 03:37:23.477701,043
00050184,COR,MOHAMMAD MOHI UDDIN,,1971-12-30,489 Eric Track,Apt. 940,Lake Crystalbury,Tennessee,Lake Crystalbury,430-639-1171,674.747.0120,430-639-1171,3116972181,mohi.uddin@gmail.com,,C,INACT,3722820,2010-10-05 18:02:38.377484,001
00050185,STF,KAZI MASIHUR,RAHMAN,1956-06-11,901 Taylor Mountain,Apt. 046,Garciastad,Massachusetts,Garciastad,564-217-0805,(711)400-2255x79415,564-217-0805,,kazi.masihur@example.com,,M,SUSP,9557160,2022-02-07 05:41:14.824627,018
00050186,STF,KAZI MASIHUR,RAHMAN,1956-06-11,901 Taylor Mountain,Apt. 046,Garciastad,South Carolina,Garciastad,+1-564-217-0805x8486,(759)202-7716x7014,+1-564-217-0805x8486,001-976-421-2021x697,kazi.masihur@example.com,James Bryant,C,INACT,3280577,2022-10-14 10:04:55.554476,029
00050187,COR,KAZI MASIHUR,RAHMAN,1956-06-11,901 Taylor Mountain,Apt. 046,Garciastad,Oklahoma,Garciastad,564-217-0805,+1-700-628-7721x753,564-217-0805,+1-889-493-5889x16375,kazi.masihur@gmail.com,,F,ACT,1651723,2020-02-29 11:13:01.784009,003
00050188,COR,KAZI MASIHUR,RAHMAN,1956-06-11,901 Taylor Mountain,Apt. 708,Garciastad,Kansas,Garciastad,+1-564-217-0805x9665,377-997-1775,+1-564-217-0805x9665,,,Daniel Schneider,M,ACT,9607076,2014-02-19 14:17:35.350906,049
00050189,REG,KAZI MASIHUR,RAHMAN,1956-06-11,901 Taylor Mountain,Apt. 798,Garciastad,Tennessee,Garciastad,001-564-217-0805x235,+1-375-350-3758x99757,001-564-217-0805x235,6165608801,,,M,SUSP,4918428,2020-12-22 13:25:28.292065,049
00050190,STF,SK MAHBUBLLAH,KAISA,1965-10-02,192 Frank Light,Suite 835,Teresaburgh,New York,Teresaburgh,653-876-7242,(561)949-3316,653-876-7242,205.454.8851,sk.mahbub@example.com,,C,ACT,8387333,2021-04-04 10:02:07.714732,005
00050191,STF,SK MAHBUBLLAH,KAISA,1965-10-02,192 Frank Light,Suite 835,Teresaburgh,Illinois,Teresaburgh,653-876-7242,001-951-260-9177x982,653-876-7242,,sk.mahbub@example.com,,F,INACT,8086460,2022-07-24 22:34:51.613740,038
00050192,COR,SK MAHBUBLLAH,KAISA,1965-10-02,192 Frank Light,Suite 835,Teresaburgh,Louisiana,Teresaburgh,+1-653-876-7242x1644,(554)572-2698x4858,+1-653-876-7242x1644,882.592.2169x9586,,Amber Mcconnell,F,ACT,4576177,2022-11-06 02:55:14.144827,019
00050193,COR,SK MAHBUBLLAH,KAISA,1965-10-02,192 Frank Light,Suite 835,Teresaburgh,Nevada,Teresaburgh,+1-653-876-7242x3447,6814062003,+1-653-876-7242x3447,001-845-622-8851x587,,,C,SUSP,7019127,2010-04-07 15:31:46.831661,024
00050194,REG,SK MAHBUBLLAH,KAISA,1965-10-02,192 Frank Light,Suite 122,Teresaburgh,North Carolina,Teresaburgh,+1-653-876-7242x9261,001-940-566-6580x043,+1-653-876-7242x9261,880.557.1983,sk.mahbub@example.com,Miss Brianna Brown,M,ACT,9380449,2021-10-04 07:28:51.626844,014
00050195,COR,GOLAM MOHD ZUBAYED A,SHRAF,1987-09-06,433 Jill Springs,Apt. 960,Franciscostad,Ohio,Franciscostad,283-486-3794,001-293-834-7212x2816,283-486-3794,,golam.zubayed@example.com,Michele Holland,C,INACT,3483337,2021-03-04 15:33:53.096641,041
00050196,REG,GOLAM MOHD ZUBAYED A,SHRAF,1987-09-06,433 Jill Springs,Apt. 960,Franciscostad,Alabama,Franciscostad,+1-283-486-3794x2149,372-702-5909x47985,+1-283-486-3794x2149,,golam.zubayed@example.com,Dennis Martin,C,SUSP,6101112,2022-12-28 16:51:15.765616,048
00050197,STF,GOLAM MOHD ZUBAYED A,SHRAF,1987-09-06,433 Jill Springs,Apt. 678,Franciscostad,Mississippi,Franciscostad,+1-283-486-3794x8665,539-287-8015x7399,+1-283-486-3794x8665,(768)786-1533,,Tina Meyer,M,INACT,9407762,2021-10-18 04:43:36.731876,003
00050198,STF,GOLAM MOHD ZUBAYED A,SHRAF,1987-09-06,433 Jill Springs,Apt. 960,Franciscostad,Tennessee,Franciscostad,283-486-3794,358.511.2880,283-486-3794,261-664-8408x58877,,,M,INACT,8487927,2019-09-21 15:20:04.964264,040
00050199,REG,GOLAM MOHAMMED ZUBAYED A,SHRAF,1987-09-06,433 Jill Springs,Apt. 516,Franciscostad,Idaho,Franciscostad,001-283-486-3794x860,281-893-4667x665,001-283-486-3794x860,001-336-213-8612x07501,golam.zubayed@example.com,,F,SUSP,7493685,2019-06-24 09:38:35.144463,002
DUP00000,STF,MD MOHI UDDIN,,1971-12-30,489 Eric Track,Apt. 880,Lake Crystalbury,Alaska,Lake Crystalbury,430-639-1171,001-543-532-1819x6001,430-639-1171,,mohi.uddin@example.com,,C,SUSP,9065939,2018-11-10 11:11:11.111111,045
DUP00002,STF,MOHAMMAD MOHI UDDIN,,1971-12-30,489 Eric Track,Apt. 880,Lake Crystalbury,Iowa,Lake Crystalbury,+1-430-639-1171x3463,664-375-2553,+1-430-639-1171x3463,+1-649-359-3103,mohi.uddin@example.com,Kimberly Dudley,C,ACT,3921744,2013-08-22 11:11:11.111111,015
DUP00004,STF,MOHAMMAD MOHI UDDIN,,1971-12-30,489 Eric Track,Apt. 880,Lake Crystalbury,West Virginia,Lake Crystalbury,430-639-1171,+1-484-996-9653,430-639-1171,,,Maria Thomas,M,SUSP,2472278,2008-11-11 11:11:11.111111,019
DUP00006,STF,KAZI MASIHUR,RAHMAN,1956-06-11,901 Taylor Mountain,Apt. 046,Garciastad,New York,Garciastad,+1-564-217-0805x7335,3159430391,+1-564-217-0805x7335,001-248-728-1489x3252,kazi.masihur@example.com,Christopher Smith,C,SUSP,2107681,2020-07-06 11:11:11.111111,035
DUP00008,COR,KAZI MASIHUR,RAHMAN,,901 Taylor Mountain,Apt. 865,Garciastad,Virginia,Garciastad,+1-564-217-0805x2958,+1-403-910-5183x4738,+1-564-217-0805x2958,,kazi.masihur@gmail.com,,F,INACT,4063950,2006-03-20 11:11:11.111111,046
DUP00010,REG,SK MAHBUBLLAH,KAISA,1965-10-02,192 Frank Light,Suite 835,Teresaburgh,New Mexico,Teresaburgh,653-876-7242,660.826.0647,653-876-7242,831.978.1080x132,sk.mahbub@example.com,Joshua Taylor,F,ACT,6664300,2009-09-28 11:11:11.111111,039
DUP00012,STF,SK MAHBUBLLAH,KAISA,1965-10-02,192 Frank Light,Suite 835,Teresaburgh,Texas,Teresaburgh,+1-653-876-7242x4843,+1-647-451-0799x1183,+1-653-876-7242x4843,001-898-454-3534,,,F,INACT,5996375,2014-06-16 11:11:11.111111,031
DUP00014,COR,SK MAHBUBLLAH,KAISA,1965-10-02,192 Frank Light,Suite 835,Teresaburgh,Connecticut,Teresaburgh,653-876-7242,(541)718-2449,653-876-7242,,,,M,ACT,9254768,2024-09-15 11:11:11.111111,011
DUP00016,COR,GOLAM MOHD ZUBAYED A,SHRAF,1987-09-06,433 Jill Springs,Apt. 960,Franciscostad,Nevada,Franciscostad,+1-283-486-3794x9936,(704)850-5331,+1-283-486-3794x9936,+1-768-401-1280,golam.zubayed@example.com,,M,ACT,7761382,2020-11-23 11:11:11.111111,015
DUP00018,REG,GOLAM MOHAMMED ZUBAYED A,SHRAF,1987-09-06,433 Jill Springs,Apt. 727,Franciscostad,Nevada,Franciscostad,+1-283-486-3794x2514,+1-581-769-3406x088,+1-283-486-3794x2514,768.750.1429x40196,golam.zubayed@gmail.com,,C,SUSP,2859842,2013-02-03 11:11:11.111111,002
